{
    "problem_type": "classification",
    "best_model": "RandomForest",
    "best_model_params": {
        "max_depth": null,
        "min_samples_leaf": 1,
        "min_samples_split": 5,
        "n_estimators": 100
    },
    "best_model_score": 0.8111988874769224,
    "execution_time": 15.25562334060669,
    "timestamp": "2025-03-16 16:21:30",
    "metrics": {
        "accuracy": 0.8156424581005587,
        "precision": 0.8162539985336006,
        "recall": 0.8156424581005587,
        "f1": 0.8111988874769224
    },
    "numeric_features": [
        "Pclass",
        "Age",
        "SibSp",
        "Parch",
        "Fare"
    ],
    "categorical_features": [
        "Sex",
        "Ticket",
        "Cabin",
        "Embarked"
    ]
}